id;project;connector_type;t;delta_t;url;redirect_url;response_size;response_code;success;error
0;Nordpool Data;requests;1629218940.436408;-0.8058359622955322;https://www.nordpoolgroup.com/api/downloads/4675;https://www.nordpoolgroup.com/api/downloads/4675;540817;200;True;
1;Nordpool Data;requests;1629219005.376509;-0.049015045166015625;https://www.nordpoolgroup.com/api/downloads/4675;https://www.nordpoolgroup.com/api/downloads/4675;540817;200;True;
2;Nordpool Data;requests;1629219025.205915;-0.23653697967529297;https://www.nordpoolgroup.com/api/downloads/4675;https://www.nordpoolgroup.com/api/downloads/4675;540817;200;True;
3;Nordpool Data;requests;1629219075.679554;-0.17458415031433105;https://www.nordpoolgroup.com/api/downloads/4675;https://www.nordpoolgroup.com/api/downloads/4675;540817;200;True;
4;Nordpool Data;requests;1629219101.117713;-0.054676055908203125;https://www.nordpoolgroup.com/api/downloads/4675;https://www.nordpoolgroup.com/api/downloads/4675;540817;200;True;
5;DMI Data;requests;1629219144.929771;-5.51950216293335;https://dmigw.govcloud.dk/v2/metObs/collections/observation/items?limit=300000&stationId=06183&parameterId=wind_max_per10min_past1h&bbox=7,54,16,58&datetime=2016-04-01T00:00:00Z/2021-01-01T00:00:00Z&api-key=c4503ba1-28d4-45c5-850a-974e98bbb3e0;https://dmigw.govcloud.dk/v2/metObs/collections/observation/items?limit=300000&stationId=06183&parameterId=wind_max_per10min_past1h&bbox=7,54,16,58&datetime=2016-04-01T00:00:00Z/2021-01-01T00:00:00Z&api-key=c4503ba1-28d4-45c5-850a-974e98bbb3e0;10921355;200;True;
6;DMI Data;requests;1629219153.111417;-3.8695428371429443;https://dmigw.govcloud.dk/v2/metObs/collections/observation/items?limit=300000&stationId=06184&parameterId=wind_max_per10min_past1h&bbox=7,54,16,58&datetime=2016-04-01T00:00:00Z/2021-01-01T00:00:00Z&api-key=c4503ba1-28d4-45c5-850a-974e98bbb3e0;https://dmigw.govcloud.dk/v2/metObs/collections/observation/items?limit=300000&stationId=06184&parameterId=wind_max_per10min_past1h&bbox=7,54,16,58&datetime=2016-04-01T00:00:00Z/2021-01-01T00:00:00Z&api-key=c4503ba1-28d4-45c5-850a-974e98bbb3e0;8646723;200;True;
7;DMI Data;requests;1629219157.804769;-0.09643292427062988;https://dmigw.govcloud.dk/v2/metObs/collections/observation/items?limit=300000&stationId=06184&parameterId=wind_max_per10min_past1h&bbox=7,54,16,58&datetime=2016-04-01T00:00:00Z/2016-04-03T00:00:00Z&api-key=c4503ba1-28d4-45c5-850a-974e98bbb3e0;https://dmigw.govcloud.dk/v2/metObs/collections/observation/items?limit=300000&stationId=06184&parameterId=wind_max_per10min_past1h&bbox=7,54,16,58&datetime=2016-04-01T00:00:00Z/2016-04-03T00:00:00Z&api-key=c4503ba1-28d4-45c5-850a-974e98bbb3e0;428;200;True;
8;DMI Data;requests;1629219158.492724;-0.1032400131225586;https://dmigw.govcloud.dk/v2/metObs/collections/observation/items?limit=300000&stationId=06186&parameterId=wind_max_per10min_past1h&bbox=7,54,16,58&datetime=2016-04-01T00:00:00Z/2021-01-01T00:00:00Z&api-key=c4503ba1-28d4-45c5-850a-974e98bbb3e0;https://dmigw.govcloud.dk/v2/metObs/collections/observation/items?limit=300000&stationId=06186&parameterId=wind_max_per10min_past1h&bbox=7,54,16,58&datetime=2016-04-01T00:00:00Z/2021-01-01T00:00:00Z&api-key=c4503ba1-28d4-45c5-850a-974e98bbb3e0;428;200;True;
9;DMI Data;requests;1629219159.123967;-0.1004171371459961;https://dmigw.govcloud.dk/v2/metObs/collections/observation/items?limit=300000&stationId=06187&parameterId=wind_max_per10min_past1h&bbox=7,54,16,58&datetime=2016-04-01T00:00:00Z/2021-01-01T00:00:00Z&api-key=c4503ba1-28d4-45c5-850a-974e98bbb3e0;https://dmigw.govcloud.dk/v2/metObs/collections/observation/items?limit=300000&stationId=06187&parameterId=wind_max_per10min_past1h&bbox=7,54,16,58&datetime=2016-04-01T00:00:00Z/2021-01-01T00:00:00Z&api-key=c4503ba1-28d4-45c5-850a-974e98bbb3e0;428;200;True;
10;DMI Data;requests;1629219159.749418;-5.031877040863037;https://dmigw.govcloud.dk/v2/metObs/collections/observation/items?limit=300000&stationId=06188&parameterId=wind_max_per10min_past1h&bbox=7,54,16,58&datetime=2016-04-01T00:00:00Z/2021-01-01T00:00:00Z&api-key=c4503ba1-28d4-45c5-850a-974e98bbb3e0;https://dmigw.govcloud.dk/v2/metObs/collections/observation/items?limit=300000&stationId=06188&parameterId=wind_max_per10min_past1h&bbox=7,54,16,58&datetime=2016-04-01T00:00:00Z/2021-01-01T00:00:00Z&api-key=c4503ba1-28d4-45c5-850a-974e98bbb3e0;11837336;200;True;
11;DMI Data;requests;1629219165.697312;-0.09518098831176758;https://dmigw.govcloud.dk/v2/metObs/collections/observation/items?limit=300000&stationId=06183&parameterId=temp_soil_max_past1h&bbox=7,54,16,58&datetime=2016-04-01T00:00:00Z/2021-01-01T00:00:00Z&api-key=c4503ba1-28d4-45c5-850a-974e98bbb3e0;https://dmigw.govcloud.dk/v2/metObs/collections/observation/items?limit=300000&stationId=06183&parameterId=temp_soil_max_past1h&bbox=7,54,16,58&datetime=2016-04-01T00:00:00Z/2021-01-01T00:00:00Z&api-key=c4503ba1-28d4-45c5-850a-974e98bbb3e0;424;200;True;
12;DMI Data;requests;1629219166.296993;-0.0979759693145752;https://dmigw.govcloud.dk/v2/metObs/collections/observation/items?limit=300000&stationId=06184&parameterId=temp_soil_max_past1h&bbox=7,54,16,58&datetime=2016-04-01T00:00:00Z/2021-01-01T00:00:00Z&api-key=c4503ba1-28d4-45c5-850a-974e98bbb3e0;https://dmigw.govcloud.dk/v2/metObs/collections/observation/items?limit=300000&stationId=06184&parameterId=temp_soil_max_past1h&bbox=7,54,16,58&datetime=2016-04-01T00:00:00Z/2021-01-01T00:00:00Z&api-key=c4503ba1-28d4-45c5-850a-974e98bbb3e0;424;200;True;
13;DMI Data;requests;1629219166.899664;-0.08566498756408691;https://dmigw.govcloud.dk/v2/metObs/collections/observation/items?limit=300000&stationId=06186&parameterId=temp_soil_max_past1h&bbox=7,54,16,58&datetime=2016-04-01T00:00:00Z/2021-01-01T00:00:00Z&api-key=c4503ba1-28d4-45c5-850a-974e98bbb3e0;https://dmigw.govcloud.dk/v2/metObs/collections/observation/items?limit=300000&stationId=06186&parameterId=temp_soil_max_past1h&bbox=7,54,16,58&datetime=2016-04-01T00:00:00Z/2021-01-01T00:00:00Z&api-key=c4503ba1-28d4-45c5-850a-974e98bbb3e0;424;200;True;
14;DMI Data;requests;1629219167.491023;-0.09894299507141113;https://dmigw.govcloud.dk/v2/metObs/collections/observation/items?limit=300000&stationId=06187&parameterId=temp_soil_max_past1h&bbox=7,54,16,58&datetime=2016-04-01T00:00:00Z/2021-01-01T00:00:00Z&api-key=c4503ba1-28d4-45c5-850a-974e98bbb3e0;https://dmigw.govcloud.dk/v2/metObs/collections/observation/items?limit=300000&stationId=06187&parameterId=temp_soil_max_past1h&bbox=7,54,16,58&datetime=2016-04-01T00:00:00Z/2021-01-01T00:00:00Z&api-key=c4503ba1-28d4-45c5-850a-974e98bbb3e0;424;200;True;
15;DMI Data;requests;1629219168.0938659;-5.085160970687866;https://dmigw.govcloud.dk/v2/metObs/collections/observation/items?limit=300000&stationId=06188&parameterId=temp_soil_max_past1h&bbox=7,54,16,58&datetime=2016-04-01T00:00:00Z/2021-01-01T00:00:00Z&api-key=c4503ba1-28d4-45c5-850a-974e98bbb3e0;https://dmigw.govcloud.dk/v2/metObs/collections/observation/items?limit=300000&stationId=06188&parameterId=temp_soil_max_past1h&bbox=7,54,16,58&datetime=2016-04-01T00:00:00Z/2021-01-01T00:00:00Z&api-key=c4503ba1-28d4-45c5-850a-974e98bbb3e0;11691874;200;True;
16;DMI Data;requests;1629219174.076133;-0.31424903869628906;https://dmigw.govcloud.dk/v2/metObs/collections/observation/items?limit=300000&stationId=06183&parameterId=cloud_cover&bbox=7,54,16,58&datetime=2016-04-01T00:00:00Z/2021-01-01T00:00:00Z&api-key=c4503ba1-28d4-45c5-850a-974e98bbb3e0;https://dmigw.govcloud.dk/v2/metObs/collections/observation/items?limit=300000&stationId=06183&parameterId=cloud_cover&bbox=7,54,16,58&datetime=2016-04-01T00:00:00Z/2021-01-01T00:00:00Z&api-key=c4503ba1-28d4-45c5-850a-974e98bbb3e0;1011;200;True;
17;DMI Data;requests;1629219174.8982558;-0.09359312057495117;https://dmigw.govcloud.dk/v2/metObs/collections/observation/items?limit=300000&stationId=06183&parameterId=cloud_cover&bbox=7,54,16,58&datetime=2016-04-01T00:00:00Z/2017-01-29T00:00:00Z&api-key=c4503ba1-28d4-45c5-850a-974e98bbb3e0;https://dmigw.govcloud.dk/v2/metObs/collections/observation/items?limit=300000&stationId=06183&parameterId=cloud_cover&bbox=7,54,16,58&datetime=2016-04-01T00:00:00Z/2017-01-29T00:00:00Z&api-key=c4503ba1-28d4-45c5-850a-974e98bbb3e0;415;200;True;
18;DMI Data;requests;1629219175.4930298;-21.8007333278656;https://dmigw.govcloud.dk/v2/metObs/collections/observation/items?limit=300000&stationId=06184&parameterId=cloud_cover&bbox=7,54,16,58&datetime=2016-04-01T00:00:00Z/2021-01-01T00:00:00Z&api-key=c4503ba1-28d4-45c5-850a-974e98bbb3e0;https://dmigw.govcloud.dk/v2/metObs/collections/observation/items?limit=300000&stationId=06184&parameterId=cloud_cover&bbox=7,54,16,58&datetime=2016-04-01T00:00:00Z/2021-01-01T00:00:00Z&api-key=c4503ba1-28d4-45c5-850a-974e98bbb3e0;43631524;200;True;
19;DMI Data;requests;1629219199.847908;-0.0828709602355957;https://dmigw.govcloud.dk/v2/metObs/collections/observation/items?limit=300000&stationId=06186&parameterId=cloud_cover&bbox=7,54,16,58&datetime=2016-04-01T00:00:00Z/2021-01-01T00:00:00Z&api-key=c4503ba1-28d4-45c5-850a-974e98bbb3e0;https://dmigw.govcloud.dk/v2/metObs/collections/observation/items?limit=300000&stationId=06186&parameterId=cloud_cover&bbox=7,54,16,58&datetime=2016-04-01T00:00:00Z/2021-01-01T00:00:00Z&api-key=c4503ba1-28d4-45c5-850a-974e98bbb3e0;415;200;True;
20;DMI Data;requests;1629219200.515232;-0.0963890552520752;https://dmigw.govcloud.dk/v2/metObs/collections/observation/items?limit=300000&stationId=06187&parameterId=cloud_cover&bbox=7,54,16,58&datetime=2016-04-01T00:00:00Z/2021-01-01T00:00:00Z&api-key=c4503ba1-28d4-45c5-850a-974e98bbb3e0;https://dmigw.govcloud.dk/v2/metObs/collections/observation/items?limit=300000&stationId=06187&parameterId=cloud_cover&bbox=7,54,16,58&datetime=2016-04-01T00:00:00Z/2021-01-01T00:00:00Z&api-key=c4503ba1-28d4-45c5-850a-974e98bbb3e0;415;200;True;
21;DMI Data;requests;1629219201.20155;-22.19479513168335;https://dmigw.govcloud.dk/v2/metObs/collections/observation/items?limit=300000&stationId=06188&parameterId=cloud_cover&bbox=7,54,16,58&datetime=2016-04-01T00:00:00Z/2021-01-01T00:00:00Z&api-key=c4503ba1-28d4-45c5-850a-974e98bbb3e0;https://dmigw.govcloud.dk/v2/metObs/collections/observation/items?limit=300000&stationId=06188&parameterId=cloud_cover&bbox=7,54,16,58&datetime=2016-04-01T00:00:00Z/2021-01-01T00:00:00Z&api-key=c4503ba1-28d4-45c5-850a-974e98bbb3e0;107;502;True;
22;DMI Data;requests;1629219284.645385;-4.289591073989868;https://dmigw.govcloud.dk/v2/metObs/collections/observation/items?limit=300000&stationId=06183&parameterId=wind_max_per10min_past1h&bbox=7,54,16,58&datetime=2016-04-01T00:00:00Z/2021-01-01T00:00:00Z&api-key=c4503ba1-28d4-45c5-850a-974e98bbb3e0;https://dmigw.govcloud.dk/v2/metObs/collections/observation/items?limit=300000&stationId=06183&parameterId=wind_max_per10min_past1h&bbox=7,54,16,58&datetime=2016-04-01T00:00:00Z/2021-01-01T00:00:00Z&api-key=c4503ba1-28d4-45c5-850a-974e98bbb3e0;10921355;200;True;
23;DMI Data;requests;1629219289.684531;-4.199779033660889;https://dmigw.govcloud.dk/v2/metObs/collections/observation/items?limit=300000&stationId=06184&parameterId=wind_max_per10min_past1h&bbox=7,54,16,58&datetime=2016-04-01T00:00:00Z/2021-01-01T00:00:00Z&api-key=c4503ba1-28d4-45c5-850a-974e98bbb3e0;https://dmigw.govcloud.dk/v2/metObs/collections/observation/items?limit=300000&stationId=06184&parameterId=wind_max_per10min_past1h&bbox=7,54,16,58&datetime=2016-04-01T00:00:00Z/2021-01-01T00:00:00Z&api-key=c4503ba1-28d4-45c5-850a-974e98bbb3e0;8646723;200;True;
24;DMI Data;requests;1629219294.662997;-0.09416079521179199;https://dmigw.govcloud.dk/v2/metObs/collections/observation/items?limit=300000&stationId=06184&parameterId=wind_max_per10min_past1h&bbox=7,54,16,58&datetime=2016-04-01T00:00:00Z/2016-04-03T00:00:00Z&api-key=c4503ba1-28d4-45c5-850a-974e98bbb3e0;https://dmigw.govcloud.dk/v2/metObs/collections/observation/items?limit=300000&stationId=06184&parameterId=wind_max_per10min_past1h&bbox=7,54,16,58&datetime=2016-04-01T00:00:00Z/2016-04-03T00:00:00Z&api-key=c4503ba1-28d4-45c5-850a-974e98bbb3e0;428;200;True;
25;DMI Data;requests;1629219295.3531651;-0.0889279842376709;https://dmigw.govcloud.dk/v2/metObs/collections/observation/items?limit=300000&stationId=06186&parameterId=wind_max_per10min_past1h&bbox=7,54,16,58&datetime=2016-04-01T00:00:00Z/2021-01-01T00:00:00Z&api-key=c4503ba1-28d4-45c5-850a-974e98bbb3e0;https://dmigw.govcloud.dk/v2/metObs/collections/observation/items?limit=300000&stationId=06186&parameterId=wind_max_per10min_past1h&bbox=7,54,16,58&datetime=2016-04-01T00:00:00Z/2021-01-01T00:00:00Z&api-key=c4503ba1-28d4-45c5-850a-974e98bbb3e0;428;200;True;
26;DMI Data;requests;1629219295.970838;-0.08372092247009277;https://dmigw.govcloud.dk/v2/metObs/collections/observation/items?limit=300000&stationId=06187&parameterId=wind_max_per10min_past1h&bbox=7,54,16,58&datetime=2016-04-01T00:00:00Z/2021-01-01T00:00:00Z&api-key=c4503ba1-28d4-45c5-850a-974e98bbb3e0;https://dmigw.govcloud.dk/v2/metObs/collections/observation/items?limit=300000&stationId=06187&parameterId=wind_max_per10min_past1h&bbox=7,54,16,58&datetime=2016-04-01T00:00:00Z/2021-01-01T00:00:00Z&api-key=c4503ba1-28d4-45c5-850a-974e98bbb3e0;428;200;True;
27;DMI Data;requests;1629219296.580032;-4.571882963180542;https://dmigw.govcloud.dk/v2/metObs/collections/observation/items?limit=300000&stationId=06188&parameterId=wind_max_per10min_past1h&bbox=7,54,16,58&datetime=2016-04-01T00:00:00Z/2021-01-01T00:00:00Z&api-key=c4503ba1-28d4-45c5-850a-974e98bbb3e0;https://dmigw.govcloud.dk/v2/metObs/collections/observation/items?limit=300000&stationId=06188&parameterId=wind_max_per10min_past1h&bbox=7,54,16,58&datetime=2016-04-01T00:00:00Z/2021-01-01T00:00:00Z&api-key=c4503ba1-28d4-45c5-850a-974e98bbb3e0;11837336;200;True;
28;DMI Data;requests;1629219302.1559649;-0.1382601261138916;https://dmigw.govcloud.dk/v2/metObs/collections/observation/items?limit=300000&stationId=06183&parameterId=temp_soil_max_past1h&bbox=7,54,16,58&datetime=2016-04-01T00:00:00Z/2021-01-01T00:00:00Z&api-key=c4503ba1-28d4-45c5-850a-974e98bbb3e0;https://dmigw.govcloud.dk/v2/metObs/collections/observation/items?limit=300000&stationId=06183&parameterId=temp_soil_max_past1h&bbox=7,54,16,58&datetime=2016-04-01T00:00:00Z/2021-01-01T00:00:00Z&api-key=c4503ba1-28d4-45c5-850a-974e98bbb3e0;424;200;True;
29;DMI Data;requests;1629219302.797245;-0.3182339668273926;https://dmigw.govcloud.dk/v2/metObs/collections/observation/items?limit=300000&stationId=06184&parameterId=temp_soil_max_past1h&bbox=7,54,16,58&datetime=2016-04-01T00:00:00Z/2021-01-01T00:00:00Z&api-key=c4503ba1-28d4-45c5-850a-974e98bbb3e0;https://dmigw.govcloud.dk/v2/metObs/collections/observation/items?limit=300000&stationId=06184&parameterId=temp_soil_max_past1h&bbox=7,54,16,58&datetime=2016-04-01T00:00:00Z/2021-01-01T00:00:00Z&api-key=c4503ba1-28d4-45c5-850a-974e98bbb3e0;424;200;True;
30;DMI Data;requests;1629219303.6199691;-0.0859067440032959;https://dmigw.govcloud.dk/v2/metObs/collections/observation/items?limit=300000&stationId=06186&parameterId=temp_soil_max_past1h&bbox=7,54,16,58&datetime=2016-04-01T00:00:00Z/2021-01-01T00:00:00Z&api-key=c4503ba1-28d4-45c5-850a-974e98bbb3e0;https://dmigw.govcloud.dk/v2/metObs/collections/observation/items?limit=300000&stationId=06186&parameterId=temp_soil_max_past1h&bbox=7,54,16,58&datetime=2016-04-01T00:00:00Z/2021-01-01T00:00:00Z&api-key=c4503ba1-28d4-45c5-850a-974e98bbb3e0;424;200;True;
31;DMI Data;requests;1629219304.210827;-0.09844970703125;https://dmigw.govcloud.dk/v2/metObs/collections/observation/items?limit=300000&stationId=06187&parameterId=temp_soil_max_past1h&bbox=7,54,16,58&datetime=2016-04-01T00:00:00Z/2021-01-01T00:00:00Z&api-key=c4503ba1-28d4-45c5-850a-974e98bbb3e0;https://dmigw.govcloud.dk/v2/metObs/collections/observation/items?limit=300000&stationId=06187&parameterId=temp_soil_max_past1h&bbox=7,54,16,58&datetime=2016-04-01T00:00:00Z/2021-01-01T00:00:00Z&api-key=c4503ba1-28d4-45c5-850a-974e98bbb3e0;424;200;True;
32;DMI Data;requests;1629219304.8135722;-5.303825855255127;https://dmigw.govcloud.dk/v2/metObs/collections/observation/items?limit=300000&stationId=06188&parameterId=temp_soil_max_past1h&bbox=7,54,16,58&datetime=2016-04-01T00:00:00Z/2021-01-01T00:00:00Z&api-key=c4503ba1-28d4-45c5-850a-974e98bbb3e0;https://dmigw.govcloud.dk/v2/metObs/collections/observation/items?limit=300000&stationId=06188&parameterId=temp_soil_max_past1h&bbox=7,54,16,58&datetime=2016-04-01T00:00:00Z/2021-01-01T00:00:00Z&api-key=c4503ba1-28d4-45c5-850a-974e98bbb3e0;11691874;200;True;
33;DMI Data;requests;1629219311.05442;-0.10415506362915039;https://dmigw.govcloud.dk/v2/metObs/collections/observation/items?limit=300000&stationId=06183&parameterId=cloud_cover&bbox=7,54,16,58&datetime=2016-04-01T00:00:00Z/2021-01-01T00:00:00Z&api-key=c4503ba1-28d4-45c5-850a-974e98bbb3e0;https://dmigw.govcloud.dk/v2/metObs/collections/observation/items?limit=300000&stationId=06183&parameterId=cloud_cover&bbox=7,54,16,58&datetime=2016-04-01T00:00:00Z/2021-01-01T00:00:00Z&api-key=c4503ba1-28d4-45c5-850a-974e98bbb3e0;1011;200;True;
34;DMI Data;requests;1629219311.665312;-0.1077580451965332;https://dmigw.govcloud.dk/v2/metObs/collections/observation/items?limit=300000&stationId=06183&parameterId=cloud_cover&bbox=7,54,16,58&datetime=2016-04-01T00:00:00Z/2017-01-29T00:00:00Z&api-key=c4503ba1-28d4-45c5-850a-974e98bbb3e0;https://dmigw.govcloud.dk/v2/metObs/collections/observation/items?limit=300000&stationId=06183&parameterId=cloud_cover&bbox=7,54,16,58&datetime=2016-04-01T00:00:00Z/2017-01-29T00:00:00Z&api-key=c4503ba1-28d4-45c5-850a-974e98bbb3e0;415;200;True;
35;DMI Data;requests;1629219312.277493;-18.788432121276855;https://dmigw.govcloud.dk/v2/metObs/collections/observation/items?limit=300000&stationId=06184&parameterId=cloud_cover&bbox=7,54,16,58&datetime=2016-04-01T00:00:00Z/2021-01-01T00:00:00Z&api-key=c4503ba1-28d4-45c5-850a-974e98bbb3e0;https://dmigw.govcloud.dk/v2/metObs/collections/observation/items?limit=300000&stationId=06184&parameterId=cloud_cover&bbox=7,54,16,58&datetime=2016-04-01T00:00:00Z/2021-01-01T00:00:00Z&api-key=c4503ba1-28d4-45c5-850a-974e98bbb3e0;43631524;200;True;
36;DMI Data;requests;1629219333.664791;-0.101287841796875;https://dmigw.govcloud.dk/v2/metObs/collections/observation/items?limit=300000&stationId=06186&parameterId=cloud_cover&bbox=7,54,16,58&datetime=2016-04-01T00:00:00Z/2021-01-01T00:00:00Z&api-key=c4503ba1-28d4-45c5-850a-974e98bbb3e0;https://dmigw.govcloud.dk/v2/metObs/collections/observation/items?limit=300000&stationId=06186&parameterId=cloud_cover&bbox=7,54,16,58&datetime=2016-04-01T00:00:00Z/2021-01-01T00:00:00Z&api-key=c4503ba1-28d4-45c5-850a-974e98bbb3e0;415;200;True;
37;DMI Data;requests;1629219334.3585658;-0.09209537506103516;https://dmigw.govcloud.dk/v2/metObs/collections/observation/items?limit=300000&stationId=06187&parameterId=cloud_cover&bbox=7,54,16,58&datetime=2016-04-01T00:00:00Z/2021-01-01T00:00:00Z&api-key=c4503ba1-28d4-45c5-850a-974e98bbb3e0;https://dmigw.govcloud.dk/v2/metObs/collections/observation/items?limit=300000&stationId=06187&parameterId=cloud_cover&bbox=7,54,16,58&datetime=2016-04-01T00:00:00Z/2021-01-01T00:00:00Z&api-key=c4503ba1-28d4-45c5-850a-974e98bbb3e0;415;200;True;
38;DMI Data;requests;1629219335.0413032;-31.84755563735962;https://dmigw.govcloud.dk/v2/metObs/collections/observation/items?limit=300000&stationId=06188&parameterId=cloud_cover&bbox=7,54,16,58&datetime=2016-04-01T00:00:00Z/2021-01-01T00:00:00Z&api-key=c4503ba1-28d4-45c5-850a-974e98bbb3e0;https://dmigw.govcloud.dk/v2/metObs/collections/observation/items?limit=300000&stationId=06188&parameterId=cloud_cover&bbox=7,54,16,58&datetime=2016-04-01T00:00:00Z/2021-01-01T00:00:00Z&api-key=c4503ba1-28d4-45c5-850a-974e98bbb3e0;67982071;200;True;
39;DMI Data;requests;1629219371.313474;-0.262221097946167;https://dmigw.govcloud.dk/v2/climateData/collections/stationValue/items?timeResolution=hour&limit=300000&stationId=06184&parameterId=bright_sunshine&datetime=2016-04-01T00:00:00Z/2021-01-01T00:00:00Z&api-key=ac27b332-bde2-4138-a53e-f0ca82cf3667;https://dmigw.govcloud.dk/v2/climateData/collections/stationValue/items?timeResolution=hour&limit=300000&stationId=06184&parameterId=bright_sunshine&datetime=2016-04-01T00:00:00Z/2021-01-01T00:00:00Z&api-key=ac27b332-bde2-4138-a53e-f0ca82cf3667;429;200;True;
40;DMI Data;requests;1629219372.08046;-0.052762746810913086;https://dmigw.govcloud.dk/v2/climateData/collections/stationValue/items?timeResolution=hour&limit=300000&stationId=06181&parameterId=bright_sunshine&datetime=2016-04-01T00:00:00Z/2021-01-01T00:00:00Z&api-key=ac27b332-bde2-4138-a53e-f0ca82cf3667;https://dmigw.govcloud.dk/v2/climateData/collections/stationValue/items?timeResolution=hour&limit=300000&stationId=06181&parameterId=bright_sunshine&datetime=2016-04-01T00:00:00Z/2021-01-01T00:00:00Z&api-key=ac27b332-bde2-4138-a53e-f0ca82cf3667;429;200;True;
41;DMI Data;requests;1629219372.637984;-0.04690098762512207;https://dmigw.govcloud.dk/v2/climateData/collections/stationValue/items?timeResolution=hour&limit=300000&stationId=06186&parameterId=bright_sunshine&datetime=2016-04-01T00:00:00Z/2021-01-01T00:00:00Z&api-key=ac27b332-bde2-4138-a53e-f0ca82cf3667;https://dmigw.govcloud.dk/v2/climateData/collections/stationValue/items?timeResolution=hour&limit=300000&stationId=06186&parameterId=bright_sunshine&datetime=2016-04-01T00:00:00Z/2021-01-01T00:00:00Z&api-key=ac27b332-bde2-4138-a53e-f0ca82cf3667;429;200;True;
42;DMI Data;requests;1629219373.186837;-6.388760089874268;https://dmigw.govcloud.dk/v2/climateData/collections/stationValue/items?timeResolution=hour&limit=300000&stationId=06187&parameterId=bright_sunshine&datetime=2016-04-01T00:00:00Z/2021-01-01T00:00:00Z&api-key=ac27b332-bde2-4138-a53e-f0ca82cf3667;https://dmigw.govcloud.dk/v2/climateData/collections/stationValue/items?timeResolution=hour&limit=300000&stationId=06187&parameterId=bright_sunshine&datetime=2016-04-01T00:00:00Z/2021-01-01T00:00:00Z&api-key=ac27b332-bde2-4138-a53e-f0ca82cf3667;17719512;200;True;
43;DMI Data;requests;1629219380.590487;-5.662647008895874;https://dmigw.govcloud.dk/v2/climateData/collections/stationValue/items?timeResolution=hour&limit=300000&stationId=06188&parameterId=bright_sunshine&datetime=2016-04-01T00:00:00Z/2021-01-01T00:00:00Z&api-key=ac27b332-bde2-4138-a53e-f0ca82cf3667;https://dmigw.govcloud.dk/v2/climateData/collections/stationValue/items?timeResolution=hour&limit=300000&stationId=06188&parameterId=bright_sunshine&datetime=2016-04-01T00:00:00Z/2021-01-01T00:00:00Z&api-key=ac27b332-bde2-4138-a53e-f0ca82cf3667;17719037;200;True;
44;DMI Data;requests;1629219387.418188;-0.13592290878295898;https://dmigw.govcloud.dk/v2/climateData/collections/stationValue/items?timeResolution=hour&limit=300000&stationId=06184&parameterId=mean_radiation&datetime=2016-04-01T00:00:00Z/2021-01-01T00:00:00Z&api-key=ac27b332-bde2-4138-a53e-f0ca82cf3667;https://dmigw.govcloud.dk/v2/climateData/collections/stationValue/items?timeResolution=hour&limit=300000&stationId=06184&parameterId=mean_radiation&datetime=2016-04-01T00:00:00Z/2021-01-01T00:00:00Z&api-key=ac27b332-bde2-4138-a53e-f0ca82cf3667;428;200;True;
45;DMI Data;requests;1629219388.057956;-0.1647031307220459;https://dmigw.govcloud.dk/v2/climateData/collections/stationValue/items?timeResolution=hour&limit=300000&stationId=06181&parameterId=mean_radiation&datetime=2016-04-01T00:00:00Z/2021-01-01T00:00:00Z&api-key=ac27b332-bde2-4138-a53e-f0ca82cf3667;https://dmigw.govcloud.dk/v2/climateData/collections/stationValue/items?timeResolution=hour&limit=300000&stationId=06181&parameterId=mean_radiation&datetime=2016-04-01T00:00:00Z/2021-01-01T00:00:00Z&api-key=ac27b332-bde2-4138-a53e-f0ca82cf3667;428;200;True;
46;DMI Data;requests;1629219388.725145;-0.0467989444732666;https://dmigw.govcloud.dk/v2/climateData/collections/stationValue/items?timeResolution=hour&limit=300000&stationId=06186&parameterId=mean_radiation&datetime=2016-04-01T00:00:00Z/2021-01-01T00:00:00Z&api-key=ac27b332-bde2-4138-a53e-f0ca82cf3667;https://dmigw.govcloud.dk/v2/climateData/collections/stationValue/items?timeResolution=hour&limit=300000&stationId=06186&parameterId=mean_radiation&datetime=2016-04-01T00:00:00Z/2021-01-01T00:00:00Z&api-key=ac27b332-bde2-4138-a53e-f0ca82cf3667;428;200;True;
47;DMI Data;requests;1629219389.275191;-4.832366704940796;https://dmigw.govcloud.dk/v2/climateData/collections/stationValue/items?timeResolution=hour&limit=300000&stationId=06187&parameterId=mean_radiation&datetime=2016-04-01T00:00:00Z/2021-01-01T00:00:00Z&api-key=ac27b332-bde2-4138-a53e-f0ca82cf3667;https://dmigw.govcloud.dk/v2/climateData/collections/stationValue/items?timeResolution=hour&limit=300000&stationId=06187&parameterId=mean_radiation&datetime=2016-04-01T00:00:00Z/2021-01-01T00:00:00Z&api-key=ac27b332-bde2-4138-a53e-f0ca82cf3667;17699661;200;True;
48;DMI Data;requests;1629219395.175895;-5.1857311725616455;https://dmigw.govcloud.dk/v2/climateData/collections/stationValue/items?timeResolution=hour&limit=300000&stationId=06188&parameterId=mean_radiation&datetime=2016-04-01T00:00:00Z/2021-01-01T00:00:00Z&api-key=ac27b332-bde2-4138-a53e-f0ca82cf3667;https://dmigw.govcloud.dk/v2/climateData/collections/stationValue/items?timeResolution=hour&limit=300000&stationId=06188&parameterId=mean_radiation&datetime=2016-04-01T00:00:00Z/2021-01-01T00:00:00Z&api-key=ac27b332-bde2-4138-a53e-f0ca82cf3667;17699333;200;True;
49;DMI Data;requests;1629219401.468208;-5.061239957809448;https://dmigw.govcloud.dk/v2/climateData/collections/stationValue/items?timeResolution=hour&limit=300000&stationId=06184&parameterId=mean_pressure&datetime=2016-04-01T00:00:00Z/2021-01-01T00:00:00Z&api-key=ac27b332-bde2-4138-a53e-f0ca82cf3667;https://dmigw.govcloud.dk/v2/climateData/collections/stationValue/items?timeResolution=hour&limit=300000&stationId=06184&parameterId=mean_pressure&datetime=2016-04-01T00:00:00Z/2021-01-01T00:00:00Z&api-key=ac27b332-bde2-4138-a53e-f0ca82cf3667;17523010;200;True;
50;DMI Data;requests;1629219407.559875;-5.318007946014404;https://dmigw.govcloud.dk/v2/climateData/collections/stationValue/items?timeResolution=hour&limit=300000&stationId=06181&parameterId=mean_pressure&datetime=2016-04-01T00:00:00Z/2021-01-01T00:00:00Z&api-key=ac27b332-bde2-4138-a53e-f0ca82cf3667;https://dmigw.govcloud.dk/v2/climateData/collections/stationValue/items?timeResolution=hour&limit=300000&stationId=06181&parameterId=mean_pressure&datetime=2016-04-01T00:00:00Z/2021-01-01T00:00:00Z&api-key=ac27b332-bde2-4138-a53e-f0ca82cf3667;17746140;200;True;
51;DMI Data;requests;1629219414.1142132;-0.09690189361572266;https://dmigw.govcloud.dk/v2/climateData/collections/stationValue/items?timeResolution=hour&limit=300000&stationId=06186&parameterId=mean_pressure&datetime=2016-04-01T00:00:00Z/2021-01-01T00:00:00Z&api-key=ac27b332-bde2-4138-a53e-f0ca82cf3667;https://dmigw.govcloud.dk/v2/climateData/collections/stationValue/items?timeResolution=hour&limit=300000&stationId=06186&parameterId=mean_pressure&datetime=2016-04-01T00:00:00Z/2021-01-01T00:00:00Z&api-key=ac27b332-bde2-4138-a53e-f0ca82cf3667;427;200;True;
52;DMI Data;requests;1629219414.772929;-0.05685901641845703;https://dmigw.govcloud.dk/v2/climateData/collections/stationValue/items?timeResolution=hour&limit=300000&stationId=06187&parameterId=mean_pressure&datetime=2016-04-01T00:00:00Z/2021-01-01T00:00:00Z&api-key=ac27b332-bde2-4138-a53e-f0ca82cf3667;https://dmigw.govcloud.dk/v2/climateData/collections/stationValue/items?timeResolution=hour&limit=300000&stationId=06187&parameterId=mean_pressure&datetime=2016-04-01T00:00:00Z/2021-01-01T00:00:00Z&api-key=ac27b332-bde2-4138-a53e-f0ca82cf3667;427;200;True;
53;DMI Data;requests;1629219415.386594;-4.957590103149414;https://dmigw.govcloud.dk/v2/climateData/collections/stationValue/items?timeResolution=hour&limit=300000&stationId=06188&parameterId=mean_pressure&datetime=2016-04-01T00:00:00Z/2021-01-01T00:00:00Z&api-key=ac27b332-bde2-4138-a53e-f0ca82cf3667;https://dmigw.govcloud.dk/v2/climateData/collections/stationValue/items?timeResolution=hour&limit=300000&stationId=06188&parameterId=mean_pressure&datetime=2016-04-01T00:00:00Z/2021-01-01T00:00:00Z&api-key=ac27b332-bde2-4138-a53e-f0ca82cf3667;17746044;200;True;
54;DMI Data;requests;1629219421.612719;-5.429491996765137;https://dmigw.govcloud.dk/v2/climateData/collections/stationValue/items?timeResolution=hour&limit=300000&stationId=06184&parameterId=acc_precip&datetime=2016-04-01T00:00:00Z/2021-01-01T00:00:00Z&api-key=ac27b332-bde2-4138-a53e-f0ca82cf3667;https://dmigw.govcloud.dk/v2/climateData/collections/stationValue/items?timeResolution=hour&limit=300000&stationId=06184&parameterId=acc_precip&datetime=2016-04-01T00:00:00Z/2021-01-01T00:00:00Z&api-key=ac27b332-bde2-4138-a53e-f0ca82cf3667;17295769;200;True;
55;DMI Data;requests;1629219428.140959;-0.10588598251342773;https://dmigw.govcloud.dk/v2/climateData/collections/stationValue/items?timeResolution=hour&limit=300000&stationId=06181&parameterId=acc_precip&datetime=2016-04-01T00:00:00Z/2021-01-01T00:00:00Z&api-key=ac27b332-bde2-4138-a53e-f0ca82cf3667;https://dmigw.govcloud.dk/v2/climateData/collections/stationValue/items?timeResolution=hour&limit=300000&stationId=06181&parameterId=acc_precip&datetime=2016-04-01T00:00:00Z/2021-01-01T00:00:00Z&api-key=ac27b332-bde2-4138-a53e-f0ca82cf3667;424;200;True;
56;DMI Data;requests;1629219428.805252;-0.05843782424926758;https://dmigw.govcloud.dk/v2/climateData/collections/stationValue/items?timeResolution=hour&limit=300000&stationId=06186&parameterId=acc_precip&datetime=2016-04-01T00:00:00Z/2021-01-01T00:00:00Z&api-key=ac27b332-bde2-4138-a53e-f0ca82cf3667;https://dmigw.govcloud.dk/v2/climateData/collections/stationValue/items?timeResolution=hour&limit=300000&stationId=06186&parameterId=acc_precip&datetime=2016-04-01T00:00:00Z/2021-01-01T00:00:00Z&api-key=ac27b332-bde2-4138-a53e-f0ca82cf3667;424;200;True;
57;DMI Data;requests;1629219429.42291;-0.11530494689941406;https://dmigw.govcloud.dk/v2/climateData/collections/stationValue/items?timeResolution=hour&limit=300000&stationId=06187&parameterId=acc_precip&datetime=2016-04-01T00:00:00Z/2021-01-01T00:00:00Z&api-key=ac27b332-bde2-4138-a53e-f0ca82cf3667;https://dmigw.govcloud.dk/v2/climateData/collections/stationValue/items?timeResolution=hour&limit=300000&stationId=06187&parameterId=acc_precip&datetime=2016-04-01T00:00:00Z/2021-01-01T00:00:00Z&api-key=ac27b332-bde2-4138-a53e-f0ca82cf3667;424;200;True;
58;DMI Data;requests;1629219430.095339;-5.362401962280273;https://dmigw.govcloud.dk/v2/climateData/collections/stationValue/items?timeResolution=hour&limit=300000&stationId=06188&parameterId=acc_precip&datetime=2016-04-01T00:00:00Z/2021-01-01T00:00:00Z&api-key=ac27b332-bde2-4138-a53e-f0ca82cf3667;https://dmigw.govcloud.dk/v2/climateData/collections/stationValue/items?timeResolution=hour&limit=300000&stationId=06188&parameterId=acc_precip&datetime=2016-04-01T00:00:00Z/2021-01-01T00:00:00Z&api-key=ac27b332-bde2-4138-a53e-f0ca82cf3667;17499476;200;True;
59;DMI Data;requests;1629219436.61476;-0.06238508224487305;https://dmigw.govcloud.dk/v2/climateData/collections/stationValue/items?timeResolution=hour&limit=300000&stationId=06184&parameterId=temp_grass&datetime=2016-04-01T00:00:00Z/2021-01-01T00:00:00Z&api-key=ac27b332-bde2-4138-a53e-f0ca82cf3667;https://dmigw.govcloud.dk/v2/climateData/collections/stationValue/items?timeResolution=hour&limit=300000&stationId=06184&parameterId=temp_grass&datetime=2016-04-01T00:00:00Z/2021-01-01T00:00:00Z&api-key=ac27b332-bde2-4138-a53e-f0ca82cf3667;424;200;True;
60;DMI Data;requests;1629219437.181917;-0.050837039947509766;https://dmigw.govcloud.dk/v2/climateData/collections/stationValue/items?timeResolution=hour&limit=300000&stationId=06181&parameterId=temp_grass&datetime=2016-04-01T00:00:00Z/2021-01-01T00:00:00Z&api-key=ac27b332-bde2-4138-a53e-f0ca82cf3667;https://dmigw.govcloud.dk/v2/climateData/collections/stationValue/items?timeResolution=hour&limit=300000&stationId=06181&parameterId=temp_grass&datetime=2016-04-01T00:00:00Z/2021-01-01T00:00:00Z&api-key=ac27b332-bde2-4138-a53e-f0ca82cf3667;424;200;True;
61;DMI Data;requests;1629219437.734348;-0.043556928634643555;https://dmigw.govcloud.dk/v2/climateData/collections/stationValue/items?timeResolution=hour&limit=300000&stationId=06186&parameterId=temp_grass&datetime=2016-04-01T00:00:00Z/2021-01-01T00:00:00Z&api-key=ac27b332-bde2-4138-a53e-f0ca82cf3667;https://dmigw.govcloud.dk/v2/climateData/collections/stationValue/items?timeResolution=hour&limit=300000&stationId=06186&parameterId=temp_grass&datetime=2016-04-01T00:00:00Z/2021-01-01T00:00:00Z&api-key=ac27b332-bde2-4138-a53e-f0ca82cf3667;424;200;True;
62;DMI Data;requests;1629219438.280479;-0.053965091705322266;https://dmigw.govcloud.dk/v2/climateData/collections/stationValue/items?timeResolution=hour&limit=300000&stationId=06187&parameterId=temp_grass&datetime=2016-04-01T00:00:00Z/2021-01-01T00:00:00Z&api-key=ac27b332-bde2-4138-a53e-f0ca82cf3667;https://dmigw.govcloud.dk/v2/climateData/collections/stationValue/items?timeResolution=hour&limit=300000&stationId=06187&parameterId=temp_grass&datetime=2016-04-01T00:00:00Z/2021-01-01T00:00:00Z&api-key=ac27b332-bde2-4138-a53e-f0ca82cf3667;424;200;True;
63;DMI Data;requests;1629219438.837325;-5.051610946655273;https://dmigw.govcloud.dk/v2/climateData/collections/stationValue/items?timeResolution=hour&limit=300000&stationId=06188&parameterId=temp_grass&datetime=2016-04-01T00:00:00Z/2021-01-01T00:00:00Z&api-key=ac27b332-bde2-4138-a53e-f0ca82cf3667;https://dmigw.govcloud.dk/v2/climateData/collections/stationValue/items?timeResolution=hour&limit=300000&stationId=06188&parameterId=temp_grass&datetime=2016-04-01T00:00:00Z/2021-01-01T00:00:00Z&api-key=ac27b332-bde2-4138-a53e-f0ca82cf3667;17373464;200;True;
64;DMI Data;requests;1629219444.9601321;-4.809231758117676;https://dmigw.govcloud.dk/v2/climateData/collections/stationValue/items?timeResolution=hour&limit=300000&stationId=06184&parameterId=mean_relative_hum&datetime=2016-04-01T00:00:00Z/2021-01-01T00:00:00Z&api-key=ac27b332-bde2-4138-a53e-f0ca82cf3667;https://dmigw.govcloud.dk/v2/climateData/collections/stationValue/items?timeResolution=hour&limit=300000&stationId=06184&parameterId=mean_relative_hum&datetime=2016-04-01T00:00:00Z/2021-01-01T00:00:00Z&api-key=ac27b332-bde2-4138-a53e-f0ca82cf3667;17382970;200;True;
65;DMI Data;requests;1629219450.834271;-4.935163259506226;https://dmigw.govcloud.dk/v2/climateData/collections/stationValue/items?timeResolution=hour&limit=300000&stationId=06181&parameterId=mean_relative_hum&datetime=2016-04-01T00:00:00Z/2021-01-01T00:00:00Z&api-key=ac27b332-bde2-4138-a53e-f0ca82cf3667;https://dmigw.govcloud.dk/v2/climateData/collections/stationValue/items?timeResolution=hour&limit=300000&stationId=06181&parameterId=mean_relative_hum&datetime=2016-04-01T00:00:00Z/2021-01-01T00:00:00Z&api-key=ac27b332-bde2-4138-a53e-f0ca82cf3667;17836215;200;True;
66;DMI Data;requests;1629219456.9218109;-4.656487941741943;https://dmigw.govcloud.dk/v2/climateData/collections/stationValue/items?timeResolution=hour&limit=300000&stationId=06186&parameterId=mean_relative_hum&datetime=2016-04-01T00:00:00Z/2021-01-01T00:00:00Z&api-key=ac27b332-bde2-4138-a53e-f0ca82cf3667;https://dmigw.govcloud.dk/v2/climateData/collections/stationValue/items?timeResolution=hour&limit=300000&stationId=06186&parameterId=mean_relative_hum&datetime=2016-04-01T00:00:00Z/2021-01-01T00:00:00Z&api-key=ac27b332-bde2-4138-a53e-f0ca82cf3667;17832980;200;True;
67;DMI Data;requests;1629219462.793612;-0.11333298683166504;https://dmigw.govcloud.dk/v2/climateData/collections/stationValue/items?timeResolution=hour&limit=300000&stationId=06187&parameterId=mean_relative_hum&datetime=2016-04-01T00:00:00Z/2021-01-01T00:00:00Z&api-key=ac27b332-bde2-4138-a53e-f0ca82cf3667;https://dmigw.govcloud.dk/v2/climateData/collections/stationValue/items?timeResolution=hour&limit=300000&stationId=06187&parameterId=mean_relative_hum&datetime=2016-04-01T00:00:00Z/2021-01-01T00:00:00Z&api-key=ac27b332-bde2-4138-a53e-f0ca82cf3667;431;200;True;
68;DMI Data;requests;1629219463.462795;-5.006798028945923;https://dmigw.govcloud.dk/v2/climateData/collections/stationValue/items?timeResolution=hour&limit=300000&stationId=06188&parameterId=mean_relative_hum&datetime=2016-04-01T00:00:00Z/2021-01-01T00:00:00Z&api-key=ac27b332-bde2-4138-a53e-f0ca82cf3667;https://dmigw.govcloud.dk/v2/climateData/collections/stationValue/items?timeResolution=hour&limit=300000&stationId=06188&parameterId=mean_relative_hum&datetime=2016-04-01T00:00:00Z/2021-01-01T00:00:00Z&api-key=ac27b332-bde2-4138-a53e-f0ca82cf3667;17833943;200;True;
69;DMI Data;requests;1629219469.6947021;-4.597198724746704;https://dmigw.govcloud.dk/v2/climateData/collections/stationValue/items?timeResolution=hour&limit=300000&stationId=06184&parameterId=mean_temp&datetime=2016-04-01T00:00:00Z/2021-01-01T00:00:00Z&api-key=ac27b332-bde2-4138-a53e-f0ca82cf3667;https://dmigw.govcloud.dk/v2/climateData/collections/stationValue/items?timeResolution=hour&limit=300000&stationId=06184&parameterId=mean_temp&datetime=2016-04-01T00:00:00Z/2021-01-01T00:00:00Z&api-key=ac27b332-bde2-4138-a53e-f0ca82cf3667;17269192;200;True;
70;DMI Data;requests;1629219475.364579;-5.096163034439087;https://dmigw.govcloud.dk/v2/climateData/collections/stationValue/items?timeResolution=hour&limit=300000&stationId=06181&parameterId=mean_temp&datetime=2016-04-01T00:00:00Z/2021-01-01T00:00:00Z&api-key=ac27b332-bde2-4138-a53e-f0ca82cf3667;https://dmigw.govcloud.dk/v2/climateData/collections/stationValue/items?timeResolution=hour&limit=300000&stationId=06181&parameterId=mean_temp&datetime=2016-04-01T00:00:00Z/2021-01-01T00:00:00Z&api-key=ac27b332-bde2-4138-a53e-f0ca82cf3667;17480488;200;True;
71;DMI Data;requests;1629219481.622229;-5.541430950164795;https://dmigw.govcloud.dk/v2/climateData/collections/stationValue/items?timeResolution=hour&limit=300000&stationId=06186&parameterId=mean_temp&datetime=2016-04-01T00:00:00Z/2021-01-01T00:00:00Z&api-key=ac27b332-bde2-4138-a53e-f0ca82cf3667;https://dmigw.govcloud.dk/v2/climateData/collections/stationValue/items?timeResolution=hour&limit=300000&stationId=06186&parameterId=mean_temp&datetime=2016-04-01T00:00:00Z/2021-01-01T00:00:00Z&api-key=ac27b332-bde2-4138-a53e-f0ca82cf3667;17480876;200;True;
72;DMI Data;requests;1629219488.3725839;-0.05890607833862305;https://dmigw.govcloud.dk/v2/climateData/collections/stationValue/items?timeResolution=hour&limit=300000&stationId=06187&parameterId=mean_temp&datetime=2016-04-01T00:00:00Z/2021-01-01T00:00:00Z&api-key=ac27b332-bde2-4138-a53e-f0ca82cf3667;https://dmigw.govcloud.dk/v2/climateData/collections/stationValue/items?timeResolution=hour&limit=300000&stationId=06187&parameterId=mean_temp&datetime=2016-04-01T00:00:00Z/2021-01-01T00:00:00Z&api-key=ac27b332-bde2-4138-a53e-f0ca82cf3667;423;200;True;
73;DMI Data;requests;1629219488.989644;-5.245059013366699;https://dmigw.govcloud.dk/v2/climateData/collections/stationValue/items?timeResolution=hour&limit=300000&stationId=06188&parameterId=mean_temp&datetime=2016-04-01T00:00:00Z/2021-01-01T00:00:00Z&api-key=ac27b332-bde2-4138-a53e-f0ca82cf3667;https://dmigw.govcloud.dk/v2/climateData/collections/stationValue/items?timeResolution=hour&limit=300000&stationId=06188&parameterId=mean_temp&datetime=2016-04-01T00:00:00Z/2021-01-01T00:00:00Z&api-key=ac27b332-bde2-4138-a53e-f0ca82cf3667;17480326;200;True;
74;DMI Data;requests;1629219495.4548962;-4.190899848937988;https://dmigw.govcloud.dk/v2/climateData/collections/stationValue/items?timeResolution=hour&limit=300000&stationId=06184&parameterId=mean_wind_speed&datetime=2016-04-01T00:00:00Z/2021-01-01T00:00:00Z&api-key=ac27b332-bde2-4138-a53e-f0ca82cf3667;https://dmigw.govcloud.dk/v2/climateData/collections/stationValue/items?timeResolution=hour&limit=300000&stationId=06184&parameterId=mean_wind_speed&datetime=2016-04-01T00:00:00Z/2021-01-01T00:00:00Z&api-key=ac27b332-bde2-4138-a53e-f0ca82cf3667;13468138;200;True;
75;DMI Data;requests;1629219500.499477;-0.0949561595916748;https://dmigw.govcloud.dk/v2/climateData/collections/stationValue/items?timeResolution=hour&limit=300000&stationId=06184&parameterId=mean_wind_speed&datetime=2016-04-01T00:00:00Z/2016-04-02T00:00:00Z&api-key=ac27b332-bde2-4138-a53e-f0ca82cf3667;https://dmigw.govcloud.dk/v2/climateData/collections/stationValue/items?timeResolution=hour&limit=300000&stationId=06184&parameterId=mean_wind_speed&datetime=2016-04-01T00:00:00Z/2016-04-02T00:00:00Z&api-key=ac27b332-bde2-4138-a53e-f0ca82cf3667;429;200;True;
76;DMI Data;requests;1629219501.1281018;-5.900416135787964;https://dmigw.govcloud.dk/v2/climateData/collections/stationValue/items?timeResolution=hour&limit=300000&stationId=06181&parameterId=mean_wind_speed&datetime=2016-04-01T00:00:00Z/2021-01-01T00:00:00Z&api-key=ac27b332-bde2-4138-a53e-f0ca82cf3667;https://dmigw.govcloud.dk/v2/climateData/collections/stationValue/items?timeResolution=hour&limit=300000&stationId=06181&parameterId=mean_wind_speed&datetime=2016-04-01T00:00:00Z/2021-01-01T00:00:00Z&api-key=ac27b332-bde2-4138-a53e-f0ca82cf3667;17707814;200;True;
77;DMI Data;requests;1629219508.21905;-0.1171262264251709;https://dmigw.govcloud.dk/v2/climateData/collections/stationValue/items?timeResolution=hour&limit=300000&stationId=06186&parameterId=mean_wind_speed&datetime=2016-04-01T00:00:00Z/2021-01-01T00:00:00Z&api-key=ac27b332-bde2-4138-a53e-f0ca82cf3667;https://dmigw.govcloud.dk/v2/climateData/collections/stationValue/items?timeResolution=hour&limit=300000&stationId=06186&parameterId=mean_wind_speed&datetime=2016-04-01T00:00:00Z/2021-01-01T00:00:00Z&api-key=ac27b332-bde2-4138-a53e-f0ca82cf3667;429;200;True;
78;DMI Data;requests;1629219508.896105;-0.04497098922729492;https://dmigw.govcloud.dk/v2/climateData/collections/stationValue/items?timeResolution=hour&limit=300000&stationId=06187&parameterId=mean_wind_speed&datetime=2016-04-01T00:00:00Z/2021-01-01T00:00:00Z&api-key=ac27b332-bde2-4138-a53e-f0ca82cf3667;https://dmigw.govcloud.dk/v2/climateData/collections/stationValue/items?timeResolution=hour&limit=300000&stationId=06187&parameterId=mean_wind_speed&datetime=2016-04-01T00:00:00Z/2021-01-01T00:00:00Z&api-key=ac27b332-bde2-4138-a53e-f0ca82cf3667;429;200;True;
79;DMI Data;requests;1629219509.50141;-5.140681982040405;https://dmigw.govcloud.dk/v2/climateData/collections/stationValue/items?timeResolution=hour&limit=300000&stationId=06188&parameterId=mean_wind_speed&datetime=2016-04-01T00:00:00Z/2021-01-01T00:00:00Z&api-key=ac27b332-bde2-4138-a53e-f0ca82cf3667;https://dmigw.govcloud.dk/v2/climateData/collections/stationValue/items?timeResolution=hour&limit=300000&stationId=06188&parameterId=mean_wind_speed&datetime=2016-04-01T00:00:00Z/2021-01-01T00:00:00Z&api-key=ac27b332-bde2-4138-a53e-f0ca82cf3667;17707896;200;True;
80;DMI Data;requests;1629219515.8806012;-4.014555931091309;https://dmigw.govcloud.dk/v2/climateData/collections/stationValue/items?timeResolution=hour&limit=300000&stationId=06184&parameterId=mean_wind_dir&datetime=2016-04-01T00:00:00Z/2021-01-01T00:00:00Z&api-key=ac27b332-bde2-4138-a53e-f0ca82cf3667;https://dmigw.govcloud.dk/v2/climateData/collections/stationValue/items?timeResolution=hour&limit=300000&stationId=06184&parameterId=mean_wind_dir&datetime=2016-04-01T00:00:00Z/2021-01-01T00:00:00Z&api-key=ac27b332-bde2-4138-a53e-f0ca82cf3667;13621112;200;True;
81;DMI Data;requests;1629219520.75911;-0.0755469799041748;https://dmigw.govcloud.dk/v2/climateData/collections/stationValue/items?timeResolution=hour&limit=300000&stationId=06184&parameterId=mean_wind_dir&datetime=2016-04-01T00:00:00Z/2016-04-02T00:00:00Z&api-key=ac27b332-bde2-4138-a53e-f0ca82cf3667;https://dmigw.govcloud.dk/v2/climateData/collections/stationValue/items?timeResolution=hour&limit=300000&stationId=06184&parameterId=mean_wind_dir&datetime=2016-04-01T00:00:00Z/2016-04-02T00:00:00Z&api-key=ac27b332-bde2-4138-a53e-f0ca82cf3667;427;200;True;
82;DMI Data;requests;1629219521.36524;-5.048987865447998;https://dmigw.govcloud.dk/v2/climateData/collections/stationValue/items?timeResolution=hour&limit=300000&stationId=06181&parameterId=mean_wind_dir&datetime=2016-04-01T00:00:00Z/2021-01-01T00:00:00Z&api-key=ac27b332-bde2-4138-a53e-f0ca82cf3667;https://dmigw.govcloud.dk/v2/climateData/collections/stationValue/items?timeResolution=hour&limit=300000&stationId=06181&parameterId=mean_wind_dir&datetime=2016-04-01T00:00:00Z/2021-01-01T00:00:00Z&api-key=ac27b332-bde2-4138-a53e-f0ca82cf3667;17699784;200;True;
83;DMI Data;requests;1629219527.5913742;-0.08708667755126953;https://dmigw.govcloud.dk/v2/climateData/collections/stationValue/items?timeResolution=hour&limit=300000&stationId=06186&parameterId=mean_wind_dir&datetime=2016-04-01T00:00:00Z/2021-01-01T00:00:00Z&api-key=ac27b332-bde2-4138-a53e-f0ca82cf3667;https://dmigw.govcloud.dk/v2/climateData/collections/stationValue/items?timeResolution=hour&limit=300000&stationId=06186&parameterId=mean_wind_dir&datetime=2016-04-01T00:00:00Z/2021-01-01T00:00:00Z&api-key=ac27b332-bde2-4138-a53e-f0ca82cf3667;427;200;True;
84;DMI Data;requests;1629219528.234935;-0.05581998825073242;https://dmigw.govcloud.dk/v2/climateData/collections/stationValue/items?timeResolution=hour&limit=300000&stationId=06187&parameterId=mean_wind_dir&datetime=2016-04-01T00:00:00Z/2021-01-01T00:00:00Z&api-key=ac27b332-bde2-4138-a53e-f0ca82cf3667;https://dmigw.govcloud.dk/v2/climateData/collections/stationValue/items?timeResolution=hour&limit=300000&stationId=06187&parameterId=mean_wind_dir&datetime=2016-04-01T00:00:00Z/2021-01-01T00:00:00Z&api-key=ac27b332-bde2-4138-a53e-f0ca82cf3667;427;200;True;
85;DMI Data;requests;1629219528.848572;-5.353353023529053;https://dmigw.govcloud.dk/v2/climateData/collections/stationValue/items?timeResolution=hour&limit=300000&stationId=06188&parameterId=mean_wind_dir&datetime=2016-04-01T00:00:00Z/2021-01-01T00:00:00Z&api-key=ac27b332-bde2-4138-a53e-f0ca82cf3667;https://dmigw.govcloud.dk/v2/climateData/collections/stationValue/items?timeResolution=hour&limit=300000&stationId=06188&parameterId=mean_wind_dir&datetime=2016-04-01T00:00:00Z/2021-01-01T00:00:00Z&api-key=ac27b332-bde2-4138-a53e-f0ca82cf3667;17696678;200;True;
86;DMI Data;requests;1629271285.250468;-4.671789884567261;https://dmigw.govcloud.dk/v2/metObs/collections/observation/items?limit=300000&stationId=06183&parameterId=wind_max_per10min_past1h&bbox=7,54,16,58&datetime=2016-04-01T00:00:00Z/2021-01-01T00:00:00Z&api-key=c4503ba1-28d4-45c5-850a-974e98bbb3e0;https://dmigw.govcloud.dk/v2/metObs/collections/observation/items?limit=300000&stationId=06183&parameterId=wind_max_per10min_past1h&bbox=7,54,16,58&datetime=2016-04-01T00:00:00Z/2021-01-01T00:00:00Z&api-key=c4503ba1-28d4-45c5-850a-974e98bbb3e0;10921355;200;True;
87;DMI Data;requests;1629271291.450403;-0.10800385475158691;https://dmigw.govcloud.dk/v2/metObs/collections/observation/items?limit=300000&stationId=06183&parameterId=temp_soil_max_past1h&bbox=7,54,16,58&datetime=2016-04-01T00:00:00Z/2021-01-01T00:00:00Z&api-key=c4503ba1-28d4-45c5-850a-974e98bbb3e0;https://dmigw.govcloud.dk/v2/metObs/collections/observation/items?limit=300000&stationId=06183&parameterId=temp_soil_max_past1h&bbox=7,54,16,58&datetime=2016-04-01T00:00:00Z/2021-01-01T00:00:00Z&api-key=c4503ba1-28d4-45c5-850a-974e98bbb3e0;424;200;True;
88;DMI Data;requests;1629271292.0645802;-0.14562463760375977;https://dmigw.govcloud.dk/v2/metObs/collections/observation/items?limit=300000&stationId=06184&parameterId=temp_soil_max_past1h&bbox=7,54,16,58&datetime=2016-04-01T00:00:00Z/2021-01-01T00:00:00Z&api-key=c4503ba1-28d4-45c5-850a-974e98bbb3e0;https://dmigw.govcloud.dk/v2/metObs/collections/observation/items?limit=300000&stationId=06184&parameterId=temp_soil_max_past1h&bbox=7,54,16,58&datetime=2016-04-01T00:00:00Z/2021-01-01T00:00:00Z&api-key=c4503ba1-28d4-45c5-850a-974e98bbb3e0;424;200;True;
89;DMI Data;requests;1629271292.714108;-0.10462808609008789;https://dmigw.govcloud.dk/v2/metObs/collections/observation/items?limit=300000&stationId=06186&parameterId=temp_soil_max_past1h&bbox=7,54,16,58&datetime=2016-04-01T00:00:00Z/2021-01-01T00:00:00Z&api-key=c4503ba1-28d4-45c5-850a-974e98bbb3e0;https://dmigw.govcloud.dk/v2/metObs/collections/observation/items?limit=300000&stationId=06186&parameterId=temp_soil_max_past1h&bbox=7,54,16,58&datetime=2016-04-01T00:00:00Z/2021-01-01T00:00:00Z&api-key=c4503ba1-28d4-45c5-850a-974e98bbb3e0;424;200;True;
90;DMI Data;requests;1629271293.321325;-0.08410501480102539;https://dmigw.govcloud.dk/v2/metObs/collections/observation/items?limit=300000&stationId=06187&parameterId=temp_soil_max_past1h&bbox=7,54,16,58&datetime=2016-04-01T00:00:00Z/2021-01-01T00:00:00Z&api-key=c4503ba1-28d4-45c5-850a-974e98bbb3e0;https://dmigw.govcloud.dk/v2/metObs/collections/observation/items?limit=300000&stationId=06187&parameterId=temp_soil_max_past1h&bbox=7,54,16,58&datetime=2016-04-01T00:00:00Z/2021-01-01T00:00:00Z&api-key=c4503ba1-28d4-45c5-850a-974e98bbb3e0;424;200;True;
91;DMI Data;requests;1629271293.9102201;-5.641401052474976;https://dmigw.govcloud.dk/v2/metObs/collections/observation/items?limit=300000&stationId=06188&parameterId=temp_soil_max_past1h&bbox=7,54,16,58&datetime=2016-04-01T00:00:00Z/2021-01-01T00:00:00Z&api-key=c4503ba1-28d4-45c5-850a-974e98bbb3e0;https://dmigw.govcloud.dk/v2/metObs/collections/observation/items?limit=300000&stationId=06188&parameterId=temp_soil_max_past1h&bbox=7,54,16,58&datetime=2016-04-01T00:00:00Z/2021-01-01T00:00:00Z&api-key=c4503ba1-28d4-45c5-850a-974e98bbb3e0;11691874;200;True;
92;DMI Data;requests;1629271300.77599;-0.10057497024536133;https://dmigw.govcloud.dk/v2/metObs/collections/observation/items?limit=300000&stationId=06183&parameterId=cloud_cover&bbox=7,54,16,58&datetime=2016-04-01T00:00:00Z/2021-01-01T00:00:00Z&api-key=c4503ba1-28d4-45c5-850a-974e98bbb3e0;https://dmigw.govcloud.dk/v2/metObs/collections/observation/items?limit=300000&stationId=06183&parameterId=cloud_cover&bbox=7,54,16,58&datetime=2016-04-01T00:00:00Z/2021-01-01T00:00:00Z&api-key=c4503ba1-28d4-45c5-850a-974e98bbb3e0;1011;200;True;
93;DMI Data;requests;1629271301.381858;-0.07681679725646973;https://dmigw.govcloud.dk/v2/metObs/collections/observation/items?limit=300000&stationId=06183&parameterId=cloud_cover&bbox=7,54,16,58&datetime=2016-04-01T00:00:00Z/2017-01-29T00:00:00Z&api-key=c4503ba1-28d4-45c5-850a-974e98bbb3e0;https://dmigw.govcloud.dk/v2/metObs/collections/observation/items?limit=300000&stationId=06183&parameterId=cloud_cover&bbox=7,54,16,58&datetime=2016-04-01T00:00:00Z/2017-01-29T00:00:00Z&api-key=c4503ba1-28d4-45c5-850a-974e98bbb3e0;415;200;True;
94;DMI Data;requests;1629271301.961727;-5.10472297668457;https://dmigw.govcloud.dk/v2/metObs/collections/observation/items?limit=300000&stationId=06184&parameterId=cloud_cover&bbox=7,54,16,58&datetime=2016-04-01T00:00:00Z/2017-01-29T00:00:00Z&api-key=c4503ba1-28d4-45c5-850a-974e98bbb3e0;https://dmigw.govcloud.dk/v2/metObs/collections/observation/items?limit=300000&stationId=06184&parameterId=cloud_cover&bbox=7,54,16,58&datetime=2016-04-01T00:00:00Z/2017-01-29T00:00:00Z&api-key=c4503ba1-28d4-45c5-850a-974e98bbb3e0;10752794;200;True;
95;DMI Data;requests;1629271308.293611;-0.30701303482055664;https://dmigw.govcloud.dk/v2/climateData/collections/stationValue/items?timeResolution=hour&limit=300000&stationId=06184&parameterId=bright_sunshine&datetime=2016-04-01T00:00:00Z/2021-01-01T00:00:00Z&api-key=ac27b332-bde2-4138-a53e-f0ca82cf3667;https://dmigw.govcloud.dk/v2/climateData/collections/stationValue/items?timeResolution=hour&limit=300000&stationId=06184&parameterId=bright_sunshine&datetime=2016-04-01T00:00:00Z/2021-01-01T00:00:00Z&api-key=ac27b332-bde2-4138-a53e-f0ca82cf3667;429;200;True;
96;DMI Data;requests;1629271309.102499;-0.13519501686096191;https://dmigw.govcloud.dk/v2/climateData/collections/stationValue/items?timeResolution=hour&limit=300000&stationId=06181&parameterId=bright_sunshine&datetime=2016-04-01T00:00:00Z/2021-01-01T00:00:00Z&api-key=ac27b332-bde2-4138-a53e-f0ca82cf3667;https://dmigw.govcloud.dk/v2/climateData/collections/stationValue/items?timeResolution=hour&limit=300000&stationId=06181&parameterId=bright_sunshine&datetime=2016-04-01T00:00:00Z/2021-01-01T00:00:00Z&api-key=ac27b332-bde2-4138-a53e-f0ca82cf3667;429;200;True;
97;DMI Data;requests;1629271309.741983;-0.033750057220458984;https://dmigw.govcloud.dk/v2/climateData/collections/stationValue/items?timeResolution=hour&limit=300000&stationId=06186&parameterId=bright_sunshine&datetime=2016-04-01T00:00:00Z/2021-01-01T00:00:00Z&api-key=ac27b332-bde2-4138-a53e-f0ca82cf3667;https://dmigw.govcloud.dk/v2/climateData/collections/stationValue/items?timeResolution=hour&limit=300000&stationId=06186&parameterId=bright_sunshine&datetime=2016-04-01T00:00:00Z/2021-01-01T00:00:00Z&api-key=ac27b332-bde2-4138-a53e-f0ca82cf3667;429;200;True;
98;DMI Data;requests;1629271310.281908;-6.3320839405059814;https://dmigw.govcloud.dk/v2/climateData/collections/stationValue/items?timeResolution=hour&limit=300000&stationId=06187&parameterId=bright_sunshine&datetime=2016-04-01T00:00:00Z/2021-01-01T00:00:00Z&api-key=ac27b332-bde2-4138-a53e-f0ca82cf3667;https://dmigw.govcloud.dk/v2/climateData/collections/stationValue/items?timeResolution=hour&limit=300000&stationId=06187&parameterId=bright_sunshine&datetime=2016-04-01T00:00:00Z/2021-01-01T00:00:00Z&api-key=ac27b332-bde2-4138-a53e-f0ca82cf3667;17719512;200;True;
99;DMI Data;requests;1629271317.646084;-0.049182891845703125;https://dmigw.govcloud.dk/v2/climateData/collections/stationValue/items?timeResolution=hour&limit=300000&stationId=06184&parameterId=mean_radiation&datetime=2016-04-01T00:00:00Z/2021-01-01T00:00:00Z&api-key=ac27b332-bde2-4138-a53e-f0ca82cf3667;https://dmigw.govcloud.dk/v2/climateData/collections/stationValue/items?timeResolution=hour&limit=300000&stationId=06184&parameterId=mean_radiation&datetime=2016-04-01T00:00:00Z/2021-01-01T00:00:00Z&api-key=ac27b332-bde2-4138-a53e-f0ca82cf3667;428;200;True;
100;DMI Data;requests;1629271318.2000499;-0.04073023796081543;https://dmigw.govcloud.dk/v2/climateData/collections/stationValue/items?timeResolution=hour&limit=300000&stationId=06181&parameterId=mean_radiation&datetime=2016-04-01T00:00:00Z/2021-01-01T00:00:00Z&api-key=ac27b332-bde2-4138-a53e-f0ca82cf3667;https://dmigw.govcloud.dk/v2/climateData/collections/stationValue/items?timeResolution=hour&limit=300000&stationId=06181&parameterId=mean_radiation&datetime=2016-04-01T00:00:00Z/2021-01-01T00:00:00Z&api-key=ac27b332-bde2-4138-a53e-f0ca82cf3667;428;200;True;
101;DMI Data;requests;1629271318.7459579;-0.09284114837646484;https://dmigw.govcloud.dk/v2/climateData/collections/stationValue/items?timeResolution=hour&limit=300000&stationId=06186&parameterId=mean_radiation&datetime=2016-04-01T00:00:00Z/2021-01-01T00:00:00Z&api-key=ac27b332-bde2-4138-a53e-f0ca82cf3667;https://dmigw.govcloud.dk/v2/climateData/collections/stationValue/items?timeResolution=hour&limit=300000&stationId=06186&parameterId=mean_radiation&datetime=2016-04-01T00:00:00Z/2021-01-01T00:00:00Z&api-key=ac27b332-bde2-4138-a53e-f0ca82cf3667;428;200;True;
102;DMI Data;requests;1629271319.3447082;-7.938455581665039;https://dmigw.govcloud.dk/v2/climateData/collections/stationValue/items?timeResolution=hour&limit=300000&stationId=06187&parameterId=mean_radiation&datetime=2016-04-01T00:00:00Z/2021-01-01T00:00:00Z&api-key=ac27b332-bde2-4138-a53e-f0ca82cf3667;https://dmigw.govcloud.dk/v2/climateData/collections/stationValue/items?timeResolution=hour&limit=300000&stationId=06187&parameterId=mean_radiation&datetime=2016-04-01T00:00:00Z/2021-01-01T00:00:00Z&api-key=ac27b332-bde2-4138-a53e-f0ca82cf3667;17699661;200;True;
103;DMI Data;requests;1629271328.239681;-6.013205051422119;https://dmigw.govcloud.dk/v2/climateData/collections/stationValue/items?timeResolution=hour&limit=300000&stationId=06184&parameterId=mean_pressure&datetime=2016-04-01T00:00:00Z/2021-01-01T00:00:00Z&api-key=ac27b332-bde2-4138-a53e-f0ca82cf3667;https://dmigw.govcloud.dk/v2/climateData/collections/stationValue/items?timeResolution=hour&limit=300000&stationId=06184&parameterId=mean_pressure&datetime=2016-04-01T00:00:00Z/2021-01-01T00:00:00Z&api-key=ac27b332-bde2-4138-a53e-f0ca82cf3667;17523010;200;True;
104;DMI Data;requests;1629271335.280475;-5.762927055358887;https://dmigw.govcloud.dk/v2/climateData/collections/stationValue/items?timeResolution=hour&limit=300000&stationId=06184&parameterId=acc_precip&datetime=2016-04-01T00:00:00Z/2021-01-01T00:00:00Z&api-key=ac27b332-bde2-4138-a53e-f0ca82cf3667;https://dmigw.govcloud.dk/v2/climateData/collections/stationValue/items?timeResolution=hour&limit=300000&stationId=06184&parameterId=acc_precip&datetime=2016-04-01T00:00:00Z/2021-01-01T00:00:00Z&api-key=ac27b332-bde2-4138-a53e-f0ca82cf3667;17295769;200;True;
105;DMI Data;requests;1629271342.107831;-0.08367800712585449;https://dmigw.govcloud.dk/v2/climateData/collections/stationValue/items?timeResolution=hour&limit=300000&stationId=06184&parameterId=temp_grass&datetime=2016-04-01T00:00:00Z/2021-01-01T00:00:00Z&api-key=ac27b332-bde2-4138-a53e-f0ca82cf3667;https://dmigw.govcloud.dk/v2/climateData/collections/stationValue/items?timeResolution=hour&limit=300000&stationId=06184&parameterId=temp_grass&datetime=2016-04-01T00:00:00Z/2021-01-01T00:00:00Z&api-key=ac27b332-bde2-4138-a53e-f0ca82cf3667;424;200;True;
106;DMI Data;requests;1629271342.6963542;-0.08572173118591309;https://dmigw.govcloud.dk/v2/climateData/collections/stationValue/items?timeResolution=hour&limit=300000&stationId=06181&parameterId=temp_grass&datetime=2016-04-01T00:00:00Z/2021-01-01T00:00:00Z&api-key=ac27b332-bde2-4138-a53e-f0ca82cf3667;https://dmigw.govcloud.dk/v2/climateData/collections/stationValue/items?timeResolution=hour&limit=300000&stationId=06181&parameterId=temp_grass&datetime=2016-04-01T00:00:00Z/2021-01-01T00:00:00Z&api-key=ac27b332-bde2-4138-a53e-f0ca82cf3667;424;200;True;
107;DMI Data;requests;1629271343.288125;-0.03556013107299805;https://dmigw.govcloud.dk/v2/climateData/collections/stationValue/items?timeResolution=hour&limit=300000&stationId=06186&parameterId=temp_grass&datetime=2016-04-01T00:00:00Z/2021-01-01T00:00:00Z&api-key=ac27b332-bde2-4138-a53e-f0ca82cf3667;https://dmigw.govcloud.dk/v2/climateData/collections/stationValue/items?timeResolution=hour&limit=300000&stationId=06186&parameterId=temp_grass&datetime=2016-04-01T00:00:00Z/2021-01-01T00:00:00Z&api-key=ac27b332-bde2-4138-a53e-f0ca82cf3667;424;200;True;
108;DMI Data;requests;1629271343.8288052;-0.03126382827758789;https://dmigw.govcloud.dk/v2/climateData/collections/stationValue/items?timeResolution=hour&limit=300000&stationId=06187&parameterId=temp_grass&datetime=2016-04-01T00:00:00Z/2021-01-01T00:00:00Z&api-key=ac27b332-bde2-4138-a53e-f0ca82cf3667;https://dmigw.govcloud.dk/v2/climateData/collections/stationValue/items?timeResolution=hour&limit=300000&stationId=06187&parameterId=temp_grass&datetime=2016-04-01T00:00:00Z/2021-01-01T00:00:00Z&api-key=ac27b332-bde2-4138-a53e-f0ca82cf3667;424;200;True;
109;DMI Data;requests;1629271344.363801;-5.923954963684082;https://dmigw.govcloud.dk/v2/climateData/collections/stationValue/items?timeResolution=hour&limit=300000&stationId=06188&parameterId=temp_grass&datetime=2016-04-01T00:00:00Z/2021-01-01T00:00:00Z&api-key=ac27b332-bde2-4138-a53e-f0ca82cf3667;https://dmigw.govcloud.dk/v2/climateData/collections/stationValue/items?timeResolution=hour&limit=300000&stationId=06188&parameterId=temp_grass&datetime=2016-04-01T00:00:00Z/2021-01-01T00:00:00Z&api-key=ac27b332-bde2-4138-a53e-f0ca82cf3667;17373464;200;True;
110;DMI Data;requests;1629271351.3587189;-5.836162090301514;https://dmigw.govcloud.dk/v2/climateData/collections/stationValue/items?timeResolution=hour&limit=300000&stationId=06184&parameterId=mean_relative_hum&datetime=2016-04-01T00:00:00Z/2021-01-01T00:00:00Z&api-key=ac27b332-bde2-4138-a53e-f0ca82cf3667;https://dmigw.govcloud.dk/v2/climateData/collections/stationValue/items?timeResolution=hour&limit=300000&stationId=06184&parameterId=mean_relative_hum&datetime=2016-04-01T00:00:00Z/2021-01-01T00:00:00Z&api-key=ac27b332-bde2-4138-a53e-f0ca82cf3667;17382970;200;True;
111;DMI Data;requests;1629271358.150399;-6.053497076034546;https://dmigw.govcloud.dk/v2/climateData/collections/stationValue/items?timeResolution=hour&limit=300000&stationId=06184&parameterId=mean_temp&datetime=2016-04-01T00:00:00Z/2021-01-01T00:00:00Z&api-key=ac27b332-bde2-4138-a53e-f0ca82cf3667;https://dmigw.govcloud.dk/v2/climateData/collections/stationValue/items?timeResolution=hour&limit=300000&stationId=06184&parameterId=mean_temp&datetime=2016-04-01T00:00:00Z/2021-01-01T00:00:00Z&api-key=ac27b332-bde2-4138-a53e-f0ca82cf3667;17269192;200;True;
112;DMI Data;requests;1629271365.2251542;-5.14806604385376;https://dmigw.govcloud.dk/v2/climateData/collections/stationValue/items?timeResolution=hour&limit=300000&stationId=06184&parameterId=mean_wind_speed&datetime=2016-04-01T00:00:00Z/2021-01-01T00:00:00Z&api-key=ac27b332-bde2-4138-a53e-f0ca82cf3667;https://dmigw.govcloud.dk/v2/climateData/collections/stationValue/items?timeResolution=hour&limit=300000&stationId=06184&parameterId=mean_wind_speed&datetime=2016-04-01T00:00:00Z/2021-01-01T00:00:00Z&api-key=ac27b332-bde2-4138-a53e-f0ca82cf3667;13468138;200;True;
113;DMI Data;requests;1629271371.229154;-0.07600092887878418;https://dmigw.govcloud.dk/v2/climateData/collections/stationValue/items?timeResolution=hour&limit=300000&stationId=06184&parameterId=mean_wind_speed&datetime=2016-04-01T00:00:00Z/2016-04-02T00:00:00Z&api-key=ac27b332-bde2-4138-a53e-f0ca82cf3667;https://dmigw.govcloud.dk/v2/climateData/collections/stationValue/items?timeResolution=hour&limit=300000&stationId=06184&parameterId=mean_wind_speed&datetime=2016-04-01T00:00:00Z/2016-04-02T00:00:00Z&api-key=ac27b332-bde2-4138-a53e-f0ca82cf3667;429;200;True;
114;DMI Data;requests;1629271371.836833;-0.10474491119384766;https://dmigw.govcloud.dk/v2/climateData/collections/stationValue/items?timeResolution=hour&limit=300000&stationId=06181&parameterId=mean_wind_speed&datetime=2016-04-01T00:00:00Z/2016-04-02T00:00:00Z&api-key=ac27b332-bde2-4138-a53e-f0ca82cf3667;https://dmigw.govcloud.dk/v2/climateData/collections/stationValue/items?timeResolution=hour&limit=300000&stationId=06181&parameterId=mean_wind_speed&datetime=2016-04-01T00:00:00Z/2016-04-02T00:00:00Z&api-key=ac27b332-bde2-4138-a53e-f0ca82cf3667;11393;200;True;
115;DMI Data;requests;1629271372.460161;-4.735492944717407;https://dmigw.govcloud.dk/v2/climateData/collections/stationValue/items?timeResolution=hour&limit=300000&stationId=06184&parameterId=mean_wind_dir&datetime=2016-04-01T00:00:00Z/2021-01-01T00:00:00Z&api-key=ac27b332-bde2-4138-a53e-f0ca82cf3667;https://dmigw.govcloud.dk/v2/climateData/collections/stationValue/items?timeResolution=hour&limit=300000&stationId=06184&parameterId=mean_wind_dir&datetime=2016-04-01T00:00:00Z/2021-01-01T00:00:00Z&api-key=ac27b332-bde2-4138-a53e-f0ca82cf3667;13621112;200;True;
116;DMI Data;requests;1629271378.118828;-0.062204837799072266;https://dmigw.govcloud.dk/v2/climateData/collections/stationValue/items?timeResolution=hour&limit=300000&stationId=06184&parameterId=mean_wind_dir&datetime=2016-04-01T00:00:00Z/2016-04-02T00:00:00Z&api-key=ac27b332-bde2-4138-a53e-f0ca82cf3667;https://dmigw.govcloud.dk/v2/climateData/collections/stationValue/items?timeResolution=hour&limit=300000&stationId=06184&parameterId=mean_wind_dir&datetime=2016-04-01T00:00:00Z/2016-04-02T00:00:00Z&api-key=ac27b332-bde2-4138-a53e-f0ca82cf3667;427;200;True;
117;DMI Data;requests;1629271378.714829;-0.043906211853027344;https://dmigw.govcloud.dk/v2/climateData/collections/stationValue/items?timeResolution=hour&limit=300000&stationId=06181&parameterId=mean_wind_dir&datetime=2016-04-01T00:00:00Z/2016-04-02T00:00:00Z&api-key=ac27b332-bde2-4138-a53e-f0ca82cf3667;https://dmigw.govcloud.dk/v2/climateData/collections/stationValue/items?timeResolution=hour&limit=300000&stationId=06181&parameterId=mean_wind_dir&datetime=2016-04-01T00:00:00Z/2016-04-02T00:00:00Z&api-key=ac27b332-bde2-4138-a53e-f0ca82cf3667;11389;200;True;